{"cameraMode":{"drawMode":0,"name":"Shaded","section":"Shading Mode"},"sceneLighting":true,"audioPlay":false,"sceneViewState":{"m_AlwaysRefresh":false,"showFog":true,"showSkybox":true,"showFlares":true,"showImageEffects":true,"showParticleSystems":true,"showVisualEffectGraphs":true,"m_FxEnabled":true},"in2DMode":false,"pivot":{"x":3.2388715744018556,"y":2.0407397747039797,"z":0.27424585819244387},"rotation":{"x":0.2868826389312744,"y":0.3704734444618225,"z":-0.12147098034620285,"w":0.8750482797622681},"size":10.979979515075684,"orthographic":false}