{"cameraMode":{"drawMode":0,"name":"Shaded","section":"Shading Mode"},"sceneLighting":true,"audioPlay":false,"sceneViewState":{"m_AlwaysRefresh":false,"showFog":true,"showSkybox":true,"showFlares":true,"showImageEffects":true,"showParticleSystems":true,"showVisualEffectGraphs":true,"m_FxEnabled":true},"in2DMode":false,"pivot":{"x":-5.381824493408203,"y":0.9628784656524658,"z":0.0674659013748169},"rotation":{"x":-0.10517357289791107,"y":-0.6826200485229492,"z":0.10024438798427582,"w":-0.7161909937858582},"size":1.3134310245513917,"orthographic":false}