{"cameraMode":{"drawMode":0,"name":"Shaded","section":"Shading Mode"},"sceneLighting":true,"audioPlay":false,"sceneViewState":{"m_AlwaysRefresh":false,"showFog":true,"showSkybox":true,"showFlares":true,"showImageEffects":true,"showParticleSystems":true,"showVisualEffectGraphs":true,"m_FxEnabled":true},"in2DMode":false,"pivot":{"x":11.304304122924805,"y":-0.730786919593811,"z":6.070216655731201},"rotation":{"x":0.42492446303367617,"y":0.00950593315064907,"z":-0.004460069350898266,"w":0.9051799178123474},"size":7.10306453704834,"orthographic":false}